{
  "bot_states": [
    {
      "ID": 0,
      "direction": 0,
      "state": {},
      "x_position": -20.900863330484285,
      "y_position": 70.4895537075976648
    },
    {
      "ID": 1,
      "direction": 0,
      "state": {},
      "x_position": 260.053018924909047,
      "y_position": 25.928440210936703
    },
    {
      "ID": 2,
      "direction": 0,
      "state": {},
      "x_position": -40.900863330484285,
      "y_position": -80.4895537075976648
    },
    {
      "ID": 3,
      "direction": 0,
      "state": {},
      "x_position": -200.900863330484285,
      "y_position": 27.4895537075976648
    }
  ],
  "ticks": 7292
}
