{
  "bot_states": [
    {
      "ID": 0,
      "direction": 0.0,
      "state": {},
      "x_position": -176.65943053901123,
      "y_position": 76.439984930537847
    },
    {
      "ID": 1,
      "direction": -0.86393661512720843,
      "state": {},
      "x_position": 179.90054672884398,
      "y_position": 144.14968508295692
    },
    {
      "ID": 2,
      "direction": -1.5358873157817072,
      "state": {},
      "x_position": -139.62520237840343,
      "y_position": -125.19299897041715
    },
    {
      "ID": 3,
      "direction": 1.1999119654544574,
      "state": {},
      "x_position": -246.0,
      "y_position": 17.0
    }
  ],
  "ticks": 1106
}